-- phpMyAdmin SQL Dump
-- version 2.11.6
-- http://www.phpmyadmin.net
--
-- Host: localhost
-- Generation Time: Apr 07, 2011 at 03:40 PM
-- Server version: 5.0.51
-- PHP Version: 5.2.6

SET SQL_MODE="NO_AUTO_VALUE_ON_ZERO";


/*!40101 SET @OLD_CHARACTER_SET_CLIENT=@@CHARACTER_SET_CLIENT */;
/*!40101 SET @OLD_CHARACTER_SET_RESULTS=@@CHARACTER_SET_RESULTS */;
/*!40101 SET @OLD_COLLATION_CONNECTION=@@COLLATION_CONNECTION */;
/*!40101 SET NAMES utf8 */;

--
-- Database: `risksur`
--

--
-- Dumping data for table `groupaccess`
--

INSERT INTO `groupaccess` (`groupAccessId`, `groupId`, `pageId`) VALUES
(41,1,15),
 (42,1,16),
 (43,1,17),
 (51,1,18),
 (54,1,9),
 (55,1,47),
 (57,1,48),
 (65,1,10),
 (66,1,11),
 (67,1,55),
 (68,1,57),
 (69,1,54),
 (70,1,59),
 (71,1,58),
 (72,1,49),
 (73,1,51),
 (92,1,66),
 (96,1,70),
 (97,1,71),
 (98,1,72),
 (99,1,73),
 (128,1,94),
 (132,1,95),
 (136,1,99),
 (142,1,102),
 (205,1,2),
 (216,1,78),
 (223,1,104),
 (224,1,105),
 (225,1,106),
 (226,1,1),
 (277,1,136),
 (278,1,135),
 (279,1,134),
 (280,1,133),
 (281,1,132),
 (282,1,131),
 (283,1,130),
 (284,1,129),
 (285,1,128),
 (286,1,126),
 (287,1,121),
 (288,1,119),
 (289,1,116),
 (290,1,112),
 (291,1,113),
 (317,1,42),
 (318,1,35),
 (321,1,138),
 (337,1,144),
 (339,1,145),
 (341,1,146),
 (343,1,147),
 (344,1,148),
 (346,1,150),
 (347,1,151),
 (348,1,152),
 (349,1,153),
 (350,1,154),
 (351,1,155),
 (352,1,156),
 (353,1,157),
 (361,3,1),
 (362,3,94),
 (363,3,48),
 (364,3,14),
 (365,3,2),
 (366,3,138),
 (367,5,1),
 (368,5,94),
 (369,5,48),
 (370,5,14),
(371,5,2),
 (372,5,138),
 (373,7,1),
 (374,7,94),
 (375,7,48),
 (376,7,14),
 (377,7,2),
 (378,7,138),
 (379,7,157),
 (380,5,157),
 (381,3,157),
 (382,1,166),
 (392,3,154),
 (393,3,155),
 (408,7,176),
 (409,7,153),
 (410,7,177),
 (411,7,151),
 (412,3,152),
 (413,3,166),
 (421,5,179),
 (422,5,147),
 (423,5,172),
 (424,5,148),
 (425,5,173),
 (426,5,174),
 (427,5,175),
 (428,5,180),
 (429,5,181),
 (431,1,183),
 (433,1,184),
 (434,1,185),
 (435,1,186),
 (436,1,188),
 (437,1,189),
 (438,1,190),
 (439,1,191),
 (440,1,192),
 (441,1,193),
 (442,1,93),
 (443,1,194),
 (444,1,195),
 (445,1,196),
 (446,1,197),
 (447,5,184),
 (449,7,195),
 (450,3,196),
 (451,5,197),
 (452,5,188),
 (453,1,198),
 (455,3,186),
 (457,3,188),
 (460,3,189),
 (461,3,190),
 (462,3,192),
 (463,3,193),
 (464,3,194),
 (465,3,191),
 (467,7,199),
 (468,7,200),
 (469,6,176),
 (470,6,153),
 (471,6,177),
 (472,6,151),
 (474,6,200),
 (475,6,199),
 (476,6,157),
 (477,6,1),
 (478,6,48),
(479,6,94),
 (480,6,14),
 (481,6,2),
 (482,2,1),
 (483,2,48),
 (484,2,94),
 (485,2,14),
 (486,2,2),
 (487,2,155),
 (488,2,154),
 (489,2,152),
 (490,2,186),
 (491,2,188),
 (492,2,189),
 (493,2,190),
 (494,2,191),
 (495,2,192),
 (496,2,193),
 (497,2,194),
 (498,2,196),
 (499,2,157),
 (500,4,1),
 (501,4,48),
 (502,4,94),
 (503,4,14),
 (504,4,2),
 (505,4,179),
 (506,4,147),
 (507,4,172),
 (508,4,148),
 (509,4,173),
 (510,4,174),
 (511,4,150),
 (512,4,184),
 (514,4,188);

--
-- Dumping data for table `groups`
--

INSERT INTO `groups` (`groupId`, `groupName`) VALUES
(1, 'Super Admin'),
(2, 'TCB User'),
(3, 'TCB Admin'),
(4, 'Curing House User'),
(5, 'Curing House Admin'),
(6, 'Exporter User'),
(7, 'Exporter Admin');

--
-- Dumping data for table `programpages`
--

INSERT INTO `programpages` (`pageId`, `pageName`, `path`, `parentId`, `menuOrder`, `target`, `active`) VALUES
(1,'Main','',0,1,'',1),
 (2,'Surveillance design framework ','',0,3,'',1),
 (9,'Admin','',0,9,'',1),
 (10,'Pages','listPages.php',9,10,'',1),
 (11,'Groups','listGroups.php',9,11,'',1),
 (14,'noMenu','',0,14,'',1),
 (15,'Add pages','addPages.php',14,15,'',1),
 (16,'Add Groups','addGroups.php',14,16,'',1),
 (17,'Add Pages to Groups','addGroupPages.php',14,17,'',1),
 (18,'Add Users To Groups','addUserGroup.php',14,18,'',1),
 (48,'View','',0,8,'',1),
 (93,'edit pages','editpages.php',14,91,'',1),
 (94,'General','',0,2,'',1),
 (102,'Home Page','home.php',14,98,'',1),
 (138,'Change Password','changePassword.php',94,134,'',1),
 (147,'Curing Instructions','captureCuringInstructions.php',1,143,'',1),
 (148,'Quality Certification','qualityCertification.php',1,167,'',1),
 (150,'Disposal','disposalCuringHouse.php',1,145,'',1),
 (151,'Apply Coffee Export Permit','permitApplication.php',1,172,'',1),
 (152,'Coffee Export Approval','generatePermit.php',1,150,'',1),
 (153,'Receive Coffee','exporterReceiveCoffee.php',1,170,'',1),
(154,'Coffee Release - Auction','coffeeReleaseAuction.php',1,149,'',1),
 (155,'Coffee Release - Direct','coffeeReleaseDirect.php',1,147,'',1),
 (156,'PDF Curing Instructions','pdfCuringInstructions.php',14,151,'',1),
 (157,'Main','main.php',14,152,'',1),
 (166,'PDF Release Order','pdfReleaseOrder.php',14,161,'',1),
 (172,'Curing Results','curingResult.php',1,166,'',1),
 (173,'Bulking Instructions','bulkingInstructions.php',1,168,'',1),
 (174,'Storage Warranty','storageWarranty.php',1,169,'',1),
 (175,'Coffee Disposal','disposalCuringHouse.php',1,173,'',1),
 (176,'Disposal Instructions','disposalInstructions.php',1,148,'',1),
 (177,'Dispatch','exporterShipment.php',1,171,'',1),
 (178,'Apply For Export Permit','permitApplication.php',1,170,'',1),
 (179,'Receive Coffee','receiveCuringHouse.php',1,142,'',1),
 (180,'PDF Coffee Receipt','pdfCoffeeReceipt.php',14,174,'',1),
 (181,'Error Email','errorEmail.php',14,175,'',1),
 (183,'Coffee Received','selectCoffeeReceived.php',2,176,'',1),
(184,'Add Store','registerStore.php',94,177,'',1),
 (185,'Add Supplier','registerSupplier.php',94,178,'',1),
 (186,'Add Exporter','registerExporter.php',94,179,'',1),
 (188,'Add Supervisor','registerSupervisors.php',94,181,'',1),
 (189,'Add Grade','registerGrades.php',94,182,'',1),
 (190,'Add Cooperative','registerCooperative.php',94,183,'',1),
 (191,'Add Buyer','registerBuyer.php',94,184,'',1),
 (192,'Add Curing House','registerCuringHouse.php',94,185,'',1),
 (193,'Add Coffee Types','registerCoffeeTypes.php',94,186,'',1),
 (194,'Add Zone','registerZone.php',94,187,'',1),
 (195,'Add Exporter User','registerExporterUsers.php',94,188,'',1),
 (196,'Add TCB User','registerTcbUsers.php',94,189,'',1),
 (197,'Add Curing House Users','registerCuringHouseUsers.php',94,190,'',1),
 (198,'RPT Coffee Type MDS','reportCoffeeTypeMDS.php',48,191,'',1),
 (199,'Add Transporters','registerExporterTransporters.php',94,192,'',1),
 (200,'Add Locations','registerExporterLocations.php',94,193,'',1);

--
-- Dumping data for table `usergroup`
--

INSERT INTO `usergroup` (`userGroupId`, `userId`, `groupId`) VALUES
(1,1,1),
 (28,2,5),
 (29,3,5),
 (30,4,7),
 (31,5,7),
 (32,6,3),
 (33,0,3),
 (34,0,3),
 (35,0,3),
 (36,0,3),
 (37,0,7),
 (38,0,6),
 (39,0,6),
 (40,0,6),
 (41,7,6),
 (42,8,6),
 (43,9,2),
 (44,0,9);

--
-- Dumping data for table `users`
--

INSERT INTO `users` (`userId`, `userName`, `password`, `active`, `cookie`, `session`, `ip`) VALUES
(1,'tracetracker','04a75036e9d520bb983c5ed03b8d0182',1,NULL,NULL,NULL),
 (2,'limaAdmin','21232f297a57a5a743894a0e4a801fc3',1,NULL,NULL,NULL),
 (3,'tanganyikaAdmin','21232f297a57a5a743894a0e4a801fc3',1,NULL,NULL,NULL),
 (4,'kiambuAdmin','21232f297a57a5a743894a0e4a801fc3',1,NULL,NULL,NULL),
 (5,'taylorWinch','21232f297a57a5a743894a0e4a801fc3',1,NULL,NULL,NULL),
 (6,'tcbAdmin','21232f297a57a5a743894a0e4a801fc3',1,NULL,NULL,NULL);
