INSERT INTO `permissions` (
  `id`,
  `name`,
  `description`,
  `controller`,
  `action`
)
VALUES
  (
    '61',
    'actionEvaMethods',
    'Evaluation methods controller action',
    'evaluation',
    'evaMethods'
  ),
  (
    '62',
    'actionListEvaMethods',
    'C/A to view and manage economic evaluation methhods ',
    'admin',
    'listEvaMethods'
  ),
  (
    '63',
    'actionAddEvaMethod',
    'C/A to add new evaluation methos',
    'admin',
    'addEvaMethod'
  ),
  (
    '64',
    'actionUpdateEvaMethod',
    'C/A to update the economic evaluation methods',
    'admin',
    'updateEvaMethod'
  ),
  (
    '65',
    'actionDeleteEvaMethod',
    'C/A to delete an economic evaluation method',
    'admin',
    'deleteEvaMethod'
  ),
  (
    '66',
    'actionEvaAttributes',
    'C/A to retrieve economic evaluation attributes',
    'evaluation',
    'evaAttributes'
  ) ;



INSERT INTO `roles_has_permissions` (`permissions_id`, `roles_id`)
VALUES
  ('61', '1'),
  ('61', '2'),
  ('61', '3'),
  ('62', '1'),
  ('62', '2'),
  ('63', '1'),
  ('63', '2'),
  ('64', '1'),
  ('64', '2'),
  ('65', '1'),
  ('65', '2'),
  ('66', '1'),
  ('66', '2');

INSERT INTO `programpages` (
  `pageName`,
  `path`,
  `parentId`,
  `menuOrder`
)
VALUES
  (
    'Manage Economic Evaluation Methods',
    'admin/listEvaMethods',
    '8',
    '18'
  );

INSERT INTO `pages_has_roles` (`pageId`, `roleId`)
VALUES
  ('16', '1'),
  ('16', '2');

INSERT INTO `evaAttributes` (`attributeId`, `name`, `description`, `attributeType`) VALUES
  (1, 'Sensitivity', 0x53656e7369746976697479, 3),
  (2, 'False Alarm', 0x46616c736520416c61726d, 3),
  (3, 'Bias', 0x42696173, 3),
  (4, 'Precision', 0x507265636973696f6e, 3),
  (5, 'Timeliness', 0x54696d656c696e657373, 3),
  (6, 'NPV', 0x4e5056, 3),
  (7, 'PPV', 0x505056, 3),
  (8, 'Repeatability', 0x5265706561746162696c697479, 3),
  (9, 'Benefit', 0x42656e65666974, 4),
  (10, 'Cost', 0x436f7374, 4),
  (11, 'Multiple Utility', 0x4c6f72656d20697073756d20646f6c6f722073697420616d65742c20636f6e736574657475722073616469707363696e6720656c6974722c20736564206469616d206e6f6e756d79206569726d6f642074656d706f7220696e766964756e74207574206c61626f726520657420646f6c6f7265206d61676e6120616c69717579616d20657261742c20736564206469616d20766f6c75707475612e204174207665726f20656f73206574206163637573616d206574206a7573746f2064756f20646f6c6f72657320657420656120726562756d2e205374657420636c697461206b6173642067756265726772656e2c206e6f207365612074616b696d6174612073616e6374757320657374204c6f72656d20697073756d20646f6c6f722073697420616d65742e204c6f72656d20697073756d20646f6c6f722073697420616d65742c20636f6e736574657475722073616469707363696e6720656c6974722c20736564206469616d206e6f6e756d79206569726d6f642074656d706f7220696e766964756e74207574206c61626f726520657420646f6c6f7265206d61676e6120616c69717579616d20657261742c20736564206469616d20766f6c75707475612e204174207665726f20656f73206574206163637573616d206574206a7573746f2064756f20646f6c6f72657320657420656120726562756d2e205374657420636c697461206b6173642067756265726772656e2c206e6f207365612074616b696d6174612073616e6374757320657374204c6f72656d20697073756d20646f6c6f722073697420616d65742e204c6f72656d20697073756d20646f6c6f722073697420616d65742c20636f6e736574657475722073616469707363696e6720656c6974722c20736564206469616d206e6f6e756d79206569726d6f642074656d706f7220696e766964756e74207574206c61626f726520657420646f6c6f7265206d61676e6120616c69717579616d20657261742c20736564206469616d20766f6c75707475612e204174207665726f20656f73206574206163637573616d206574206a7573746f2064756f20646f6c6f72657320657420656120726562756d2e205374657420636c697461206b6173642067756265726772656e2c206e6f207365612074616b696d6174612073616e6374757320657374204c6f72656d20697073756d20646f6c6f722073697420616d65742e0d0a0d0a4475697320617574656d2076656c2065756d2069726975726520646f6c6f7220696e2068656e64726572697420696e2076756c7075746174652076656c69742065737365206d6f6c657374696520636f6e7365717561742c2076656c20696c6c756d20646f6c6f72652065752066657567696174206e756c6c6120666163696c69736973206174207665726f2065726f7320657420616363756d73616e20657420697573746f206f64696f206469676e697373696d2071756920626c616e646974207072616573656e74206c7570746174756d207a7a72696c2064656c656e6974206175677565206475697320646f6c6f72652074652066657567616974206e756c6c6120666163696c6973692e204c6f72656d20697073756d20646f6c6f722073697420616d65742c20636f6e7365637465747565722061646970697363696e6720656c69742c20736564206469616d206e6f6e756d6d79206e69626820657569736d6f642074696e636964756e74207574206c616f7265657420646f6c6f7265206d61676e6120616c697175616d206572617420766f6c75747061742e0d0a0d0a5574207769736920656e696d206164206d696e696d2076656e69616d2c2071756973206e6f73747275642065786572636920746174696f6e20756c6c616d636f72706572207375736369706974206c6f626f72746973206e69736c20757420616c697175697020657820656120636f6d6d6f646f20636f6e7365717561742e204475697320617574656d2076656c2065756d2069726975726520646f6c6f7220696e2068656e64726572697420696e2076756c7075746174652076656c69742065737365206d6f6c657374696520636f6e7365717561742c2076656c20696c6c756d20646f6c6f72652065752066657567696174206e756c6c6120666163696c69736973206174207665726f2065726f7320657420616363756d73616e20657420697573746f206f64696f206469676e697373696d2071756920626c616e646974207072616573656e74206c7570746174756d207a7a72696c2064656c656e6974206175677565206475697320646f6c6f72652074652066657567616974206e756c6c6120666163696c6973692e, 3);

INSERT INTO `evaAttributeTypes` (`id`, `name`) VALUES
  (1, 'Structural'),
  (2, 'Functional'),
  (3, 'Performance'),
  (4, 'Economic');

INSERT INTO `evaMethods` (`id`, `buttonName`, `link`, `description`) VALUES
  (1, 'Cost analysis', 'http://google.co.ke', 'description/definition here'),
  (2, 'Least-cost analysis', '', 'description/definition here'),
  (3, 'Cost-effectiveness analysis', '', 'description/definition here'),
  (4, 'Cost-benefit analysis', '', 'description/definition here');