SET FOREIGN_KEY_CHECKS = 0;
TRUNCATE TABLE `frameworkFields`;
REPLACE INTO `frameworkFields` (`id`, `sectionId`, `parentId`, `label`, `inputName`, `inputType`, `required`, `order`, `gridField`, `description`, `childCount`, `multiple`) VALUES
  (4, 1, NULL, NULL, 'hazardName', 'text', 1, NULL, 0, NULL, NULL, NULL),
  (5, 2, NULL, 'What is the state of the diesease in the country?', 'stateOfDisease', 'checkboxlist', 1, '1', 0, NULL, NULL, NULL),
  (6, 3, NULL, NULL, 'geographicalArea', 'text', 1, NULL, 0, NULL, NULL, NULL),
  (9, 6, NULL, 'Legal requirements', 'legalReq', 'textarea', 0, '2', 0, 'Are there any legal requirements (e.g. EU regulations)  which specify that surveillance should be carried out for this hazard. If so, do they specify how the surveillance should be carried out (e.g. type and number of samples to be taken). Use the text box to describe.', NULL, NULL),
  (10, 6, NULL, 'Economic impact', 'econImpact', 'textarea', 0, '3', 0, 'In what ways does this disease have an economic impact (e.g. trade within or between countries, public health, animal welfare, animal productivity, wider economy).', NULL, NULL),
  (12, 4, 0, 'Food Producing (Domestic)', '', 'label', 0, '1', 0, NULL, 4, NULL),
  (13, 4, 12, 'Ruminants', 'ruminants', 'checkboxlist', 0, '1.1', 0, NULL, NULL, NULL),
  (14, 4, 12, 'Swine', 'swine', 'checkboxlist', 0, '1.2', 0, NULL, NULL, NULL),
  (18, 4, 12, 'Aquaculture', 'aquaculture', 'checkboxlist', 0, '1.3', 0, NULL, NULL, NULL),
  (19, 4, NULL, 'Other Domestics', 'otherDomestics', 'checkboxlist', 0, '2', 0, NULL, NULL, NULL),
  (20, 4, NULL, 'Wildlife', 'wildlife', 'checkboxlist', 0, '3', 0, NULL, NULL, NULL),
  (24, 4, NULL, 'Vectors', 'vectors', 'checkboxlist', 0, '4', 0, NULL, NULL, NULL),
  (25, 4, NULL, 'Others', 'others', 'checkboxlist', 0, '5', 0, NULL, NULL, NULL),
  (26, 5, NULL, 'Population level risk factors', '', 'label', 1, '1', 0, NULL, 2, NULL),
  (27, 5, 26, 'Geographical factors', 'geographicalFactors', 'grid', 0, '1.1', 0, NULL, 3, NULL),
  (29, 5, 27, 'Specify risk factor', 'riskfactor', 'text', 0, '1.1.1', 1, NULL, NULL, NULL),
  (31, 5, 27, 'Associated with risk of', 'associatedRisk', 'dropdownlist', 0, '1.1.2', 1, NULL, NULL, 1),
  (32, 5, 27, 'Describe details', 'details', 'text', 0, '1.1.3', 1, NULL, NULL, NULL),
  (33, 5, 26, 'Temporal factors', 'temporalFactors', 'grid', 0, '1.2', 0, NULL, 3, NULL),
  (34, 5, 33, 'Describe details', 'details', 'text', 0, '1.2.3', 1, NULL, NULL, NULL),
  (35, 5, 33, 'Associated with risk of', 'associatedRisk', 'dropdownlist', 0, '1.2.2', 1, NULL, NULL, 1),
  (36, 5, 33, 'Specify risk factor', 'riskfactor', 'text', 0, '1.2.1', 1, NULL, NULL, NULL),
  (37, 5, NULL, 'Herd level risk factors', '', 'grid', 0, '2', 0, NULL, NULL, NULL),
  (38, 5, NULL, 'Animal level risk factors', '', 'grid', 0, '3', 0, NULL, NULL, NULL),
  (39, 5, 37, 'Specify risk factor', 'riskfactor', 'text', 0, '2.1', 1, NULL, NULL, NULL),
  (40, 5, 38, 'Specify risk factor', 'riskfactor', 'text', 0, '3.1', 1, NULL, NULL, NULL),
  (41, 5, 37, 'Associated with risk of', 'associatedRisk', 'dropdownlist', 0, '2.2', 1, NULL, NULL, 1),
  (42, 5, 38, 'Associated with risk of', 'associatedRisk', 'dropdownlist', 0, '3.2', 1, NULL, NULL, 1),
  (43, 5, 37, 'Describe details', 'details', 'text', 0, '2.3', 1, NULL, NULL, NULL),
  (44, 5, 38, 'Describe details', 'details', 'text', 0, '3.3', 1, NULL, NULL, NULL),
  (46, 6, NULL, 'Disease control action', 'diseaseCtrlAction', 'textarea', 0, '4', 0, 'What disease control action will be taken based on the results of this surveillance (e.g. stamping out, vaccination)? Use the text box to describe.', NULL, NULL),
  (48, 6, NULL, 'What change in surveillance results is required to trigger these actions?', 'changeTrigger', 'textarea', 0, '5', 0, NULL, NULL, NULL),
  (50, 6, NULL, 'Who is responsible', 'responsible', 'textarea', 0, '6', 0, 'Who(i.e. scientific and technical committees) is <b>responsible</b> for development and maintenance of the surveillance system? Use the text box to describe.', NULL, NULL),
  (51, 6, NULL, 'Institutions involved', 'instInvolved', 'textarea', 0, '7', 0, 'Describe what are the institutions involved and their role (for example: which institutions design the surveillance, carry out surveillance activities, and which help financing, etc).\r\n', NULL, NULL),
  (52, 6, NULL, 'Frequency of meetings', 'freqOfMeetings', 'textarea', 0, '8', 0, 'Plan/describe the frequency of meetings of the central coordination group for review of the adequacy or need for protocol update.\r\n', NULL, NULL),
  (54, 6, NULL, 'Please document any other information relevant information about the system.\r\n', 'moreInfo', 'textarea', 0, '9', 0, NULL, NULL, NULL),
  (55, 4, 12, 'Poultry', 'poultry', 'checkboxlist', 0, '1.4', 0, NULL, NULL, NULL),
  (56, 2, NULL, 'Based on the current disease status, what is the primary surveillance objective?', 'survObj', 'radiolist', 1, '2', 0, '(Visit the WIKI if you need help deciding)', NULL, NULL),
  (57, 2, NULL, 'What is the surveillance purpose?', '', 'label', 0, '3.0', 0, NULL, 0, NULL),
  (59, 2, NULL, 'Where disease is currently absent from the country please consider the <b><u>RISK OF INTRODUCTION</u></b>. The risk level may impact on the surveillance approaches used and the choice of surveillance components.', 'diseaseIntroRisk', 'checkboxlist', 0, '4.1', 0, NULL, NULL, NULL),
  (61, 2, NULL, 'What is the level at which freedom shall be demonstrated?', 'diseaseFreedomLevel', 'dropdownlist', 0, '5.1', 0, NULL, NULL, NULL),
  (62, 2, 70, 'What is the scenario for which disease freedom shall be demonstrated?', 'diseaseFreedomScenario', 'dropdownlist', 0, '5.3', 0, 'Visit https://wikispaces.com if you need help understanding the scenarios', NULL, NULL),
  (63, 2, 70, 'Is the aim to demonstrate:', 'diseaseFreedomAim', 'dropdownlist', 0, '5.4', 0, NULL, NULL, NULL),
  (65, 2, 59, 'a) Why is surveillance necessary', 'survReason', 'dropdownlist', 0, '3.1', 0, NULL, NULL, NULL),
  (66, 2, 59, 'b) What will it accomplish', 'survAccomp', 'dropdownlist', 0, '3.2', 0, NULL, NULL, NULL),
  (67, 2, NULL, 'Risk of introduction', '', 'label', 0, '4.0', 0, '', 1, NULL),
  (70, 2, NULL, 'If the surveillance objective is disease freedom demonstration, take the time to think about the following: ', '', 'label', 0, '5.0', 0, NULL, 3, NULL),
  (72, 2, 67, 'Also consider adding any other details relevant for disease freedom documentation, for instance, the date of the last detected case (in animals and in case of zoonotic diseases, also humans); or previous documentation about disease freedom. ', 'riskIntroOther', 'textarea', 0, '4.2', 0, NULL, NULL, NULL),
  (73, 2, NULL, 'Any further details about the level', 'riskIntroLevelOther', 'textarea', 0, '5.2', 0, NULL, NULL, NULL);


INSERT INTO `permissions` (
  `name`,
  `description`,
  `controller`,
  `action`
)
VALUES
  (
    'actionEditMultipleComponents',
    'C/A to edit components in parallel',
    'design',
    'editMultipleComponents'
  ),
  (
    'actionReports',
    'C/A to generate design tool reports',
    'design',
    'reports'
  ) ;

INSERT INTO `roles_has_permissions` (`permissions_id`, `roles_id`)
VALUES
  ('91', '1'),
  ('91', '2'),
  ('91', '3'),
  ('92', '1'),
  ('92', '2'),
  ('92', '3') ;

# ALTER TABLE `surFormDetails`
# CHANGE `inputName` `inputName` VARCHAR(50) CHARSET utf8 NULL,
# CHANGE `label` `label` VARCHAR(50) CHARSET utf8 NULL,
# CHANGE `inputType` `inputType` VARCHAR(50) CHARSET utf8 NULL,
# CHANGE `description` `description` TEXT CHARSET utf8 NULL,
# CHANGE `moreInfo` `moreInfo` TEXT CHARSET utf8 NULL,
# CHANGE `url` `url` TEXT CHARSET utf8 NULL,
# CHANGE `order` `order` VARCHAR(10) CHARSET utf8 NULL,
# CHARSET=utf8;
TRUNCATE TABLE `surveillanceSections`;
REPLACE INTO `surveillanceSections` (`sectionId`, `sectionNumber`, `sectionName`, `tool`, `description`) VALUES
  (1, 0.0, 'Hazard', 'surveillance', 'The RISKSUR tool has been developed to design and evaluate surveillance for specific systems . A system  is defined by:		\r\n<ol>\r\n<li>The hazard: the disease  for which surveillance is being designed</li>\r\n<li>The surveillance objective </li>			\r\n<li>Geographical area covered</li>			\r\n<p>Having defined your system you can also enter information that will be useful to inform the design including:<p>					\r\n<li>The susceptible population (species)</li>			\r\n<li>The risk characteristics associated with the previous 3 points</li>\r\n</ol>		'),
  (2, 0.0, 'Surveillance Objective', 'surveillance', NULL),
  (3, 0.0, 'Geographical area covered', 'surveillance', NULL),
  (4, 0.0, 'Susceptible population', 'surveillance', NULL),
  (5, 0.0, 'Risk characteristics', 'surveillance', 'The questions below are designed to encourage you to think about population (particularly geographical and temporal), herd and animal level risk characteristics associated with the hazard, susceptible population and surveillance objective you defined previously. These risk characteristics may become relevant later in the framework when considering strategies to enhance the efficiency of your surveillance system:'),
  (6, 0.0, 'Other Considerations', 'surveillance', 'You have characterized the surveillance system for this design task as: '),
  (8, 2.0, 'Add Surveillance Components', 'design', 'For each surveillance system a number of surveillance components can be included.  \r\nUse the form below to add the surveillance components that can be implemented as part of this surveillance system. Visit the Wiki if you need help deciding which activities should be relevant for your particular system.'),
  (9, 3.0, 'Objective and Target population', 'design', 'Each surveillance component is targeted at a particular susceptible population, for which conclusions will be made. In this step, you will be guided through the process of defining this population.'),
  (10, 4.0, 'Suspicion of disease', 'design', 'In this section you will be asked to think about how a suspected case of the hazard of interest is defined and reported to the relevant authorities. This is relevant to passive surveillance components where the collection of surveillance data is observer -initiated. ');
TRUNCATE TABLE `options`;
INSERT INTO `options` (`optionId`, `frameworkFieldId`, `componentId`, `elementId`, `val`, `label`) VALUES
  (1, NULL, 5, NULL, '', 'At the source (farm, wild life habitat, etc)'),
  (2, NULL, 5, NULL, '', 'Abattoir'),
  (3, NULL, 5, NULL, '', 'Coordination centre'),
  (4, NULL, 5, NULL, '', 'Artificial insemination centre'),
  (5, NULL, 5, NULL, '', 'Rendering plants'),
  (6, NULL, 5, NULL, '', 'Diagnostic laboratory'),
  (7, NULL, 5, NULL, '', 'Markets'),
  (8, 13, NULL, NULL, NULL, 'Cattle'),
  (9, 13, NULL, NULL, NULL, 'Sheep'),
  (10, 13, NULL, NULL, NULL, 'Goats'),
  (11, 13, NULL, NULL, NULL, 'Other farmed ruminants'),
  (12, 14, NULL, NULL, NULL, 'Domestic pigs'),
  (13, 14, NULL, NULL, NULL, 'Farmed wild boar'),
  (14, 18, NULL, NULL, NULL, 'Fish'),
  (15, NULL, NULL, NULL, NULL, 'Other aquatic'),
  (16, 55, NULL, NULL, NULL, 'Chicken'),
  (17, 55, NULL, NULL, NULL, 'Turkey'),
  (18, 55, NULL, NULL, NULL, 'Ducks'),
  (19, 55, NULL, NULL, NULL, 'Geese'),
  (20, 55, NULL, NULL, NULL, 'Game Birds'),
  (21, 55, NULL, NULL, NULL, 'Other captive poultry'),
  (22, 19, NULL, NULL, NULL, 'Horses'),
  (23, 19, NULL, NULL, NULL, 'Pets'),
  (24, 19, NULL, NULL, NULL, 'Ornamental birds'),
  (25, 19, NULL, NULL, NULL, 'Farmed / Captive deer'),
  (26, 20, NULL, NULL, NULL, 'Wildboar'),
  (27, 20, NULL, NULL, NULL, 'Waterfowl'),
  (28, 20, NULL, NULL, NULL, 'Birds (other than waterfowl)'),
  (29, 20, NULL, NULL, NULL, 'Equidae (wild)'),
  (30, 20, NULL, NULL, NULL, 'Deer'),
  (31, 20, NULL, NULL, NULL, 'Other wild ruminants'),
  (32, 20, NULL, NULL, NULL, 'Wild carniovore'),
  (33, 20, NULL, NULL, NULL, 'Bats'),
  (34, 20, NULL, NULL, NULL, 'Other wildlife'),
  (35, 24, NULL, NULL, NULL, 'Midges / Mosquitos'),
  (36, 24, NULL, NULL, NULL, 'Rodent vectors'),
  (37, 24, NULL, NULL, NULL, 'Ticks'),
  (38, 24, NULL, NULL, NULL, 'Other vectors'),
  (39, 25, NULL, NULL, NULL, 'Bees'),
  (40, 25, NULL, NULL, NULL, 'Zoo animals'),
  (41, 31, NULL, NULL, NULL, 'Introduction'),
  (42, 31, NULL, NULL, NULL, 'Infection'),
  (43, 31, NULL, NULL, NULL, 'Detection'),
  (44, 31, NULL, NULL, NULL, 'Consequences'),
  (45, 31, NULL, NULL, NULL, 'Undefined'),
  (46, 35, NULL, NULL, NULL, 'Introduction'),
  (47, 41, NULL, NULL, NULL, 'Introduction'),
  (48, 42, NULL, NULL, NULL, 'Introduction'),
  (49, 35, NULL, NULL, NULL, 'Infection'),
  (50, 41, NULL, NULL, NULL, 'Infection'),
  (51, 42, NULL, NULL, NULL, 'Infection'),
  (52, 35, NULL, NULL, NULL, 'Detection'),
  (53, 42, NULL, NULL, NULL, 'Detection'),
  (54, 41, NULL, NULL, NULL, 'Detection'),
  (56, 35, NULL, NULL, NULL, 'Consequences'),
  (57, 41, NULL, NULL, NULL, 'Consequences'),
  (58, 42, NULL, NULL, NULL, 'Consequences'),
  (59, 35, NULL, NULL, NULL, 'Undefined'),
  (60, 41, NULL, NULL, NULL, 'Undefined'),
  (61, 42, NULL, NULL, NULL, 'Undefined'),
  (62, 5, NULL, NULL, NULL, 'Believed to be absent'),
  (63, 5, NULL, NULL, NULL, 'Confirmed absent'),
  (64, 5, NULL, NULL, NULL, 'Endemic'),
  (65, 5, NULL, NULL, NULL, 'Sporadic'),
  (66, 5, NULL, NULL, NULL, 'Recently introduced'),
  (67, 56, NULL, NULL, NULL, 'Estimate prevalence'),
  (68, 56, NULL, NULL, NULL, 'Case finding'),
  (69, 56, NULL, NULL, NULL, 'Freedom from disease'),
  (70, 56, NULL, NULL, NULL, 'Early detection'),
  (71, 59, NULL, NULL, NULL, 'Negligible - Event is so rare that it does not merit to be considered '),
  (72, 59, NULL, NULL, NULL, 'Very low - Event is very rare but cannot be excluded'),
  (73, 59, NULL, NULL, NULL, 'Low - Event is rare but does occur'),
  (74, 59, NULL, NULL, NULL, 'Medium - Event occurs regularly'),
  (75, 59, NULL, NULL, NULL, 'High - Event occurs very often'),
  (76, 59, NULL, NULL, NULL, 'Very high - Event occurs almost certainly'),
  (77, 59, NULL, NULL, NULL, 'Unknown – where surveillance is being carried out '),
  (78, 62, NULL, NULL, 'scenario1', 'Achieve disease freedom after control of a disease (scenario 1)'),
  (79, 62, NULL, NULL, 'scenario2', 'Achieve disease freedom after control of an endemic disease (scenario 2)'),
  (80, 62, NULL, NULL, 'scenario3', 'Maintain disease freedom after eradication of a disease (scenario 3)'),
  (81, 62, NULL, NULL, 'scenario4', 'Maintain disease freedom when disease has not been present for a long time or has been historically absent (scenario 4)'),
  (82, 63, NULL, NULL, NULL, 'Relative freedom'),
  (83, 63, NULL, NULL, NULL, 'Absolute freedom'),
  (84, NULL, 5, NULL, NULL, 'Others'),
  (85, NULL, 6, NULL, NULL, 'Passive surveillance'),
  (86, NULL, 6, NULL, NULL, 'Screening'),
  (87, NULL, 6, NULL, NULL, 'Continuous data collection'),
  (88, NULL, 6, NULL, NULL, 'Sentinel'),
  (89, NULL, 6, NULL, NULL, 'Participatory'),
  (90, NULL, 6, NULL, NULL, 'Event-based'),
  (91, NULL, 6, NULL, NULL, 'Syndromic surveillance'),
  (92, NULL, 6, NULL, NULL, 'Other'),
  (93, NULL, 7, NULL, NULL, 'Antibody detection'),
  (94, NULL, 7, NULL, NULL, 'Pathogen detection'),
  (95, NULL, 7, NULL, NULL, 'Gross pathology'),
  (96, NULL, 7, NULL, NULL, 'Pathology diagnostic (microscopic)'),
  (97, NULL, 7, NULL, NULL, 'Indirect indicators'),
  (98, NULL, 7, NULL, NULL, 'Other'),
  (99, NULL, 8, NULL, NULL, 'Clinical reports'),
  (100, NULL, 8, NULL, NULL, 'Blood / Serum / Plasma'),
  (101, NULL, 8, NULL, NULL, 'Ear notch'),
  (102, 61, NULL, NULL, NULL, 'Herd'),
  (103, 61, NULL, NULL, NULL, 'Region');
SET FOREIGN_KEY_CHECKS = 1;

UPDATE `options` SET `optionId` = 78,`frameworkFieldId` = 62,`componentId` = NULL,`elementId` = NULL,`val` = 'scenario1',`label` = 'Achieve disease freedom after control of a disease outbreak (scenario 1)' WHERE `options`.`optionId` = 78;